i,Value,Prediction
1,0.549303853,0.554973001512733
2,0.5594879275,0.554963322283634
3,0.5551334115,0.546725864278199
4,0.5720031855,0.575047646889917
5,0.587374948,0.566048944989999
6,0.582265635,0.578872598817166
7,0.59045029,0.604029327565717
